"","ENT","Entidad","MUN","Municipio","Alf","Asi","EBC","Der","Pis","San","Agu","Dre","Ele","Lav","Ref","Ing"
"1",1,"Aguascalientes",1,"Aguascalientes",0.979429978575866,0.965213874671829,0.736254847381819,0.854027649261123,0.994515658381533,0.990516387890157,0.993364945373699,0.995175689993573,0.997807131815261,0.862769874767686,0.946880482170462,15862.2512592511
"2",1,"Aguascalientes",3,"Calvillo",0.952195046279539,0.956094236760125,0.506709844559586,0.903322841547472,0.989411266412537,0.987364111252294,0.990470139771283,0.99131723845828,0.99428208386277,0.845333898065791,0.927220104475505,12184.6975827329
"3",1,"Aguascalientes",5,"Jesús María",0.967554810260232,0.958702916786996,0.659969914342902,0.85943341827719,0.990787878787879,0.986909090909091,0.990545454545455,0.992727272727273,0.995012987012987,0.84595670995671,0.919168831168831,23820.5879033513
"4",1,"Aguascalientes",7,"Rincón de Romos",0.964913264019281,0.977330662782229,0.675957894736842,0.891799782554152,0.990750593435377,0.967422444135221,0.984202341000246,0.973970696570353,0.991978390766964,0.78243431284276,0.885569288696079,8753.30669888955
"5",2,"Baja California",1,"Ensenada",0.964393416109305,0.966218661475297,0.659610866476274,0.861970539450795,0.985564527553478,0.853392831845871,0.926632667516645,0.911708457288568,0.985925768522454,0.79598385040374,0.912955092789347,14037.2308536983
"6",2,"Baja California",2,"Mexicali",0.984578541829163,0.969540827187238,0.7295351574356,0.84524775708602,0.991814263714381,0.951044060345689,0.987066812282739,0.966743723752071,0.992220794388499,0.864167077216712,0.965920326878223,17977.196033213
"7",2,"Baja California",3,"Tecate",0.976899556848642,0.978567302137493,0.656978312473025,0.885543069560759,0.98635973200481,0.941728225390826,0.933344786119223,0.977048617076104,0.981790070434633,0.836007558838687,0.93650575502491,11688.3730446026
"8",2,"Baja California",4,"Tijuana",0.983179612989049,0.969698076810662,0.69669336619429,0.788261305756033,0.985924995150912,0.977221936430565,0.981746346317645,0.985149141078943,0.996268310577758,0.781048920972516,0.940512232351428,15226.8827766432
"9",3,"Baja California Sur",1,"Comondú",0.949891149313115,0.971391417425228,0.602667318761521,0.908039095358549,0.964272353161242,0.893191170968949,0.954592218481107,0.943181818181818,0.970071081182192,0.695332959221848,0.889824167601945,12948.7222608986
"10",3,"Baja California Sur",2,"Mulegé",0.949939909401867,0.957933653077538,0.561663535360564,0.911778740273088,0.979658035076145,0.852053438891638,0.972290945076695,0.846170762548793,0.979438121941833,0.644675353235472,0.822969926878883,11708.5252709714
"11",3,"Baja California Sur",3,"La Paz",0.981515335192145,0.980393622321873,0.76822399020213,0.869269522415327,0.983200472750516,0.970260133383181,0.962095539020008,0.983899950554155,0.986311942980499,0.732534159842738,0.937300256877193,18263.851873681
"12",3,"Baja California Sur",8,"Los Cabos",0.980550469437843,0.97679962188932,0.696659403792979,0.824955206434894,0.934416671835266,0.984531414749116,0.885864913477641,0.990063883892576,0.989133535942442,0.638677665446877,0.905414625069776,14535.428076226
"13",4,"Campeche",1,"Calkiní",0.889733749100504,0.981512050181578,0.61000553456698,0.900661099512874,0.972472542945649,0.810757533089271,0.953745423824275,0.809349479019994,0.986693889045339,0.672416220782878,0.689101661503802,8662.48145110032
"14",4,"Campeche",2,"Campeche",0.960369508497285,0.983016239069857,0.719977429290198,0.898168622344811,0.988857868340934,0.973117396632095,0.990222210993065,0.977879963112217,0.992496115413282,0.815068406624642,0.918442628128198,14577.0451982661
"15",4,"Campeche",3,"Carmen",0.959402759402759,0.948829613500272,0.689533637239721,0.836545432042011,0.977082890165213,0.981365666879387,0.894192724952138,0.984499751825853,0.987733106431256,0.806523434730199,0.886662412252712,20564.9695603285
"16",4,"Campeche",4,"Champotón",0.900215622393251,0.961000504032258,0.541069120938002,0.891197577518187,0.959591364049963,0.881876085697742,0.954586814459426,0.89080982711556,0.975349491273058,0.730292000992638,0.766812805029366,9643.01302055565
"17",4,"Campeche",9,"Escárcega",0.905160252444005,0.95906976744186,0.535869053809771,0.91877349310233,0.951353092783505,0.908505154639175,0.972873711340206,0.900064432989691,0.974033505154639,0.663079896907216,0.763466494845361,12178.2179614613
"18",4,"Campeche",11,"Candelaria",0.872915805429241,0.925040425040425,0.474606679547336,0.890717441289689,0.858861197646244,0.788767739702319,0.836188992731049,0.809622706818969,0.904032537210107,0.536604361370717,0.62668743509865,9514.2174059193
"19",5,"Coahuila de Zaragoza",2,"Acuña",0.982724028166297,0.954359647477967,0.632247691131199,0.893981579026578,0.992045426732261,0.974569841153291,0.987492963262109,0.988912548645275,0.988520938884402,0.82639449788286,0.950730596960129,11964.4442057847
"20",5,"Coahuila de Zaragoza",18,"Monclova",0.986669180063267,0.979590709492115,0.757739860206081,0.898104220434189,0.996724195456338,0.977903485092056,0.987730898723043,0.988110042767448,0.996724195456338,0.871288179805272,0.978221966089357,13357.1969222768
"21",5,"Coahuila de Zaragoza",24,"Parras",0.958220359871827,0.972521693399947,0.674361827059769,0.902424687729611,0.984268569575089,0.889636717482971,0.933425235160558,0.915909828089523,0.992945183263055,0.748459292896529,0.916234187479728,8818.67891065615
"22",5,"Coahuila de Zaragoza",25,"Piedras Negras",0.985239981157423,0.954296288537411,0.703092656372493,0.866530417603379,0.990148001863892,0.971509086471254,0.989615461424102,0.986841813300197,0.995584352186744,0.846828056005503,0.953868684403222,10933.0320413383
"23",5,"Coahuila de Zaragoza",27,"Ramos Arizpe",0.980069617718634,0.974878345498783,0.761378031824502,0.885573990923716,0.994467173193064,0.955347749853887,0.982933956750438,0.983206701733879,0.993454120397428,0.815819209039548,0.942061172803429,8654.56397081476
"24",5,"Coahuila de Zaragoza",30,"Saltillo",0.984636268385294,0.97947473127858,0.774922392384106,0.867029034085157,0.994879825951593,0.985605371493947,0.981010343501786,0.989951892870204,0.996703770736236,0.886826336074721,0.961889400489511,37757.3943946779
"25",5,"Coahuila de Zaragoza",32,"San Juan de Sabinas",0.983810439475235,0.965527950310559,0.670646330791349,0.947949727053447,0.992152638867518,0.943760578550546,0.99153715956301,0.96076319433759,0.99284505308509,0.894522234189875,0.963686721034005,10416.6157557701
"26",5,"Coahuila de Zaragoza",35,"Torreón",0.985245244963153,0.966354144085555,0.746646946183663,0.786696896597844,0.99258429308458,0.98894158111418,0.993444160717078,0.992026681953202,0.998269842097035,0.831210589400177,0.953530668612226,12558.3361862206
"27",6,"Colima",1,"Armería",0.913175643583167,0.94543630892678,0.453422053231939,0.926935332708529,0.941227205519961,0.971044849679645,0.966239526860522,0.979916214884179,0.991375061606703,0.669541646131099,0.866559881715131,8237.9563074379
"28",6,"Colima",2,"Colima",0.971476234517214,0.973167293233083,0.71826269059693,0.861157190971699,0.981728373475543,0.991935131354636,0.990645626611881,0.994514140840145,0.991782139266512,0.791471783887748,0.951720068190759,14583.0375406592
"29",6,"Colima",7,"Manzanillo",0.969761918986737,0.959221810658391,0.676111937676164,0.861799139972207,0.984835544421037,0.991990738104728,0.988574465258403,0.991155649186737,0.996052306933136,0.746379699747575,0.933857161836436,18574.5097737584
"30",6,"Colima",9,"Tecomán",0.926896567648383,0.928461645941037,0.516777669858008,0.880676380838886,0.949783360867803,0.987001652068202,0.983978055546897,0.993547582681338,0.990679841650821,0.58907141298588,0.850129360057355,9686.76855049496
"31",6,"Colima",10,"Villa de Álvarez",0.982947160628952,0.974878635056794,0.794278728606357,0.87086848950073,0.990440042699561,0.995635155972008,0.996702645000593,0.998505515359981,0.997058474676788,0.800972601114933,0.962851381805243,18217.9324091964
"32",7,"Chiapas",65,"Palenque",0.837641979750218,0.957084330507443,0.486317495850863,0.8418775092796,0.919888053174742,0.872170718908518,0.927829281091482,0.892041280391814,0.983627776806017,0.374741997551163,0.65216022389365,8211.37215518422
"33",7,"Chiapas",75,"Las Rosas",0.742632612966601,0.862419044284964,0.264643237486688,0.901735711164952,0.774297897368034,0.916482870166152,0.732980444052345,0.947213645052198,0.978238494339068,0.419497132774592,0.538303190707249,3316.02456335471
"34",7,"Chiapas",78,"San Cristóbal de las Casas",0.899921974456901,0.931491183745113,0.588695938891026,0.742728758604901,0.928493534818507,0.925105156566443,0.975677675650413,0.957878953107961,0.994781118554292,0.4325440099704,0.600229786571117,3669.05812051218
"35",7,"Chiapas",89,"Tapachula",0.93443244420426,0.956882501111276,0.625974897155927,0.757539207688865,0.94568662447942,0.962496619611661,0.904700091946563,0.976126345394559,0.988901509005355,0.536016009519174,0.844372329493212,11651.3947526352
"36",7,"Chiapas",101,"Tuxtla Gutiérrez",0.957134353381296,0.952179931587558,0.729908347982448,0.76843934018507,0.979982887085995,0.993835603604954,0.926095944739028,0.994541355167913,0.997445554077433,0.700617688757315,0.915778231623916,13900.4858116173
"37",8,"Chihuahua",17,"Cuauhtémoc",0.976731218947912,0.944753631057418,0.57521076142814,0.884921491305514,0.996661802626582,0.962940012393308,0.991204749435305,0.978331700881524,0.995662342335139,0.879625002498651,0.954064805005297,13801.7670239188
"38",8,"Chihuahua",19,"Chihuahua",0.990116646467483,0.976631932674026,0.777803124832544,0.919185485643197,0.995013242527431,0.989890276201286,0.990136208853575,0.99409004918653,0.998274687854711,0.901906923950057,0.979784335981839,16485.2359728472
"39",8,"Chihuahua",21,"Delicias",0.98035991595871,0.980495000819538,0.693687178454384,0.898528000234465,0.997124771541925,0.991151428698792,0.994739892123211,0.996300093612089,0.997659697766683,0.888044398876655,0.97673070922302,11310.6493225087
"40",8,"Chihuahua",32,"Hidalgo del Parral",0.981704084526143,0.965820759030636,0.692542628565776,0.921331979048416,0.986981551746696,0.988617035195604,0.993850582232108,0.993000130838676,0.996336517074447,0.859642810414759,0.969449169174408,9736.68864325348
"41",8,"Chihuahua",37,"Juárez",0.985616845055676,0.965642143350086,0.697497478490606,0.858624466649346,0.99183280982803,0.987707351232309,0.986656957715318,0.993448995022048,0.997069554318538,0.85090755014741,0.964931064753969,11870.2137514862
"42",9,"Distrito Federal",2,"Azcapotzalco",0.985829119984387,0.968763464024127,0.790017932041534,0.844904335068698,0.997578244563664,0.993104724104875,0.99836867862969,0.999722507189586,0.998116412438405,0.854400363263315,0.957762230705841,24544.2899409963
"43",9,"Distrito Federal",3,"Coyoacán",0.990376128692129,0.987662923839539,0.842536539349377,0.801059653818824,0.998566696907394,0.99000982376277,0.999350450658407,0.998470069732611,0.999065937310436,0.866192835631807,0.964757922086288,25574.1998469644
"44",9,"Distrito Federal",4,"Cuajimalpa de Morelos",0.983598708600488,0.978868540075628,0.795562393295553,0.800668085129421,0.993289922256895,0.988257363949566,0.995382312090766,0.998394631937806,0.997330399177474,0.843485632857735,0.901152618192969,19113.0630919844
"45",9,"Distrito Federal",5,"Gustavo A. Madero",0.982359649254677,0.976641629292365,0.768147516961352,0.797349432184474,0.99759412967641,0.993871199573112,0.996273985447569,0.998642842381565,0.998775473694276,0.809263834525473,0.936096382866502,16538.4303930061
"46",9,"Distrito Federal",6,"Iztacalco",0.991188533683256,0.986599005799503,0.811346936701786,0.788578497062159,0.998982909242812,0.993325341905955,0.999219019597159,0.999673077970904,0.999536860458781,0.840888864672442,0.963212190559218,19380.2815019099
"47",9,"Distrito Federal",7,"Iztapalapa",0.981895991179464,0.977823480336043,0.752277903521921,0.763158961488503,0.994472506826121,0.993059857968248,0.991471637038039,0.999168555243652,0.997981930203038,0.781479366245361,0.916813144899429,14864.7849606666
"48",9,"Distrito Federal",8,"La Magdalena Contreras",0.981331939958199,0.976205547243641,0.743044250999397,0.80745167206325,0.989681135075142,0.988031316555179,0.99199088100309,0.997960224375319,0.992740798512164,0.815805261421244,0.915139334673186,20108.9575404754
"49",9,"Distrito Federal",10,"Álvaro Obregón",0.983854212842692,0.976726757983263,0.763076513199606,0.802632792949316,0.997802023814513,0.991408334613934,0.99511509106234,0.999110564721551,0.996852051056379,0.848279105721723,0.938512547556847,26341.2654483432
"50",9,"Distrito Federal",11,"Tláhuac",0.980848143383806,0.981223512419468,0.758557657362662,0.83664933605629,0.992968097368059,0.992460531463799,0.989954424811513,0.997007476022798,0.998276390783449,0.763844388753185,0.901595660311519,12186.6630053302
"51",9,"Distrito Federal",12,"Tlalpan",0.982641348218602,0.982888364309384,0.784010954128647,0.764693928347506,0.99344511795114,0.988013330184471,0.975643548768008,0.99667795009053,0.998467553596263,0.825038704767903,0.919000760975098,16041.5140082627
"52",9,"Distrito Federal",13,"Xochimilco",0.981164567182444,0.973830049261084,0.754899110861144,0.766149382108345,0.983884205028725,0.974063642468104,0.935089159143475,0.989722450197717,0.99429232261434,0.742706856673879,0.874365813623816,12099.5042320956
"53",9,"Distrito Federal",14,"Benito Juárez",0.993309976597322,0.983374515725573,0.908916388144629,0.820009263547939,0.999636372755542,0.997511034206039,0.999924766777009,0.999699067108035,0.999711605978533,0.873846423914134,0.976759203530946,34612.6948912034
"54",9,"Distrito Federal",15,"Cuauhtémoc",0.991561389545898,0.972186792057721,0.830562157159608,0.761942285799139,0.998274043532458,0.995535952099381,0.998343294872205,0.999840189215968,0.999611127092189,0.823638145768743,0.956472869455898,17812.6398507865
"55",9,"Distrito Federal",16,"Miguel Hidalgo",0.993037047235963,0.975002097139502,0.870104453646027,0.82395527513962,0.999585685026813,0.997076343396757,0.999679492190554,0.999874923781679,0.999992182736355,0.873821547505511,0.975023842654117,87435.0284350848
"56",9,"Distrito Federal",17,"Venustiano Carranza",0.99058860143044,0.976389082439131,0.796987838832066,0.815146903781504,0.996967429717597,0.993640357859212,0.998225031042058,0.999219968798752,0.998686682161164,0.836257123754338,0.948740806775128,19125.72002515
"57",10,"Durango",4,"Cuencamé",0.966126477397344,0.959342165372316,0.558819928999878,0.850356740518213,0.974042829331603,0.893575600259572,0.950356911096691,0.922452952628164,0.987994808565866,0.766709928617781,0.904282933160286,10614.449473818
"58",10,"Durango",5,"Durango",0.984949836346284,0.972669599444316,0.76126564970303,0.848953268331594,0.981845988605585,0.9691031568133,0.989487017838797,0.980007238255347,0.997635892406837,0.765573923601382,0.932993602316242,12473.3739005995
"59",10,"Durango",6,"General Simón Bolívar",0.925583380762664,0.959546925566343,0.441747572815534,0.862766659335826,0.973790322580645,0.771370967741935,0.953225806451613,0.835887096774194,0.9875,0.709677419354839,0.872177419354839,6158.63553168578
"60",10,"Durango",7,"Gómez Palacio",0.978413140040025,0.966251104015218,0.6816102096508,0.828811612666609,0.984213973799127,0.958504366812227,0.99325327510917,0.964628820960699,0.99721615720524,0.803602620087336,0.944847161572052,10904.0249558584
"61",10,"Durango",22,"Poanas",0.963097799106404,0.976457142857143,0.517392510402219,0.846976946498478,0.979826194909994,0.887647423960273,0.986343885785227,0.935288640595903,0.992085661080074,0.708566108007449,0.890440720049659,9784.63542858787
"62",11,"Guanajuato",1,"Abasolo",0.910621355570882,0.958794399951091,0.452561967892935,0.869958326225233,0.983718034671008,0.884445934297481,0.950627334546499,0.883248730964467,0.992816780001916,0.611818791303515,0.868642850301695,9076.4173560106
"63",11,"Guanajuato",2,"Acámbaro",0.914218622705708,0.962914210496194,0.549681987279491,0.900171516613855,0.989540306462358,0.933577614923384,0.986642238507662,0.957594936708861,0.994703530979347,0.754030646235843,0.902698201199201,7690.49756659104
"64",11,"Guanajuato",7,"Celaya",0.9597680420298,0.968322492534895,0.680382555427701,0.800271172068394,0.981410889561084,0.983864744737329,0.986218285079326,0.985462065559602,0.995177171430335,0.803490956231866,0.924015371319217,16300.5359806874
"65",11,"Guanajuato",14,"Dolores Hidalgo Cuna de la Independencia Nacional",0.911883605116688,0.9537251272559,0.463986845582406,0.852549717842507,0.955277745698118,0.842880240212496,0.944652962235824,0.844468183393002,0.958338145282365,0.65928513685183,0.817559764406975,6240.47685603615
"66",11,"Guanajuato",17,"Irapuato",0.957919200545796,0.971071690129384,0.649722458491689,0.826172044629468,0.985932548746619,0.960422603638684,0.960676397862328,0.96801467655739,0.992821249102656,0.76757524998731,0.916965781287389,13082.2402530534
"67",11,"Guanajuato",20,"León",0.960931553031983,0.951384936616629,0.642478727957618,0.832669275407462,0.991163232012989,0.983732901060774,0.962028785422694,0.98588392240811,0.997864490825842,0.839301641963531,0.925908690177951,15030.8382553848
"68",11,"Guanajuato",27,"Salamanca",0.938413330456445,0.96721582326284,0.626132214102117,0.856269039985964,0.986837885695961,0.970315528227437,0.990044756765801,0.98213912243276,0.996570042247041,0.84312823301404,0.934886574364552,15861.3671554843
"69",11,"Guanajuato",31,"San Francisco del Rincón",0.942886069918409,0.920635662537976,0.453531775845825,0.787455605938372,0.98483292248699,0.951451657080252,0.970419063270337,0.958367570528622,0.991920021911805,0.82652013147083,0.884141331142153,11580.5882337578
"70",11,"Guanajuato",37,"Silao de la Victoria",0.928674713701352,0.965014659449707,0.567418429822522,0.898061207003528,0.979976303317535,0.932037914691943,0.936208530805687,0.960876777251185,0.992630331753555,0.719123222748815,0.873293838862559,8393.26867093665
"71",12,"Guerrero",1,"Acapulco de Juárez",0.940277314990782,0.962992530954702,0.651784246288063,0.812188587292543,0.922356858250096,0.949074832159817,0.930516893182686,0.959577352036825,0.993109000600404,0.552812801339083,0.901365464039445,9546.00411205703
"72",12,"Guerrero",28,"Chilapa de Álvarez",0.723771854260443,0.94745393576935,0.330268766926973,0.874606312989922,0.784394947711531,0.559520575852234,0.717913893793291,0.652858889039794,0.968287382860247,0.161788673095206,0.507198152926796,6078.53187071493
"73",12,"Guerrero",29,"Chilpancingo de los Bravo",0.938083902838568,0.968713156630715,0.703866802163849,0.834655612037744,0.861263405229546,0.945400048198578,0.875030124111339,0.954542715989878,0.989607181588143,0.535561513435354,0.868071454392095,18031.8393206832
"74",12,"Guerrero",30,"Florencio Villarreal",0.85149221762102,0.972215331183329,0.507275464124436,0.877936807993519,0.889020303567909,0.775675142913463,0.794795978710822,0.788290952099349,0.982259018332348,0.473092844470727,0.789473684210526,5986.77298574406
"75",12,"Guerrero",35,"Iguala de la Independencia",0.944589730739441,0.968231017103198,0.659292763157895,0.831788263312075,0.870077181872155,0.958935285968731,0.797100732238274,0.974891153770038,0.987829012467841,0.520383930338413,0.88900158321789,13351.3396543167
"76",12,"Guerrero",38,"Zihuatanejo de Azueta",0.931272807696561,0.964670109561272,0.601940887136084,0.836513244741706,0.886872181730524,0.958878080598962,0.91307677036953,0.970448937920082,0.991350216953575,0.649102407759281,0.9001162757721,11437.839181317
"77",12,"Guerrero",57,"Técpan de Galeana",0.874565962861518,0.960904423024953,0.483615062037958,0.862659628809808,0.866684753119913,0.862398263700488,0.923819858925665,0.869886055344547,0.974932175800326,0.520889853499729,0.853282691264243,8785.81692559923
"78",13,"Hidalgo",3,"Actopan",0.95419266100113,0.988560533841754,0.682835545268756,0.786932205701814,0.97367306606437,0.93259457933371,0.975155279503106,0.970143986448334,0.988989271597967,0.567617165443252,0.789596273291925,6349.66011418622
"79",13,"Hidalgo",23,"Francisco I. Madero",0.947133565270004,0.978407324235619,0.710546311070587,0.82002126689959,0.980229732714822,0.943671305500331,0.982217804285399,0.975038656947206,0.987298431632428,0.538988292467418,0.782306163021869,11157.3496578224
"80",13,"Hidalgo",28,"Huejutla de Reyes",0.809350456736441,0.979096722621903,0.64245890482672,0.836431540167092,0.93207632163197,0.728627047202291,0.916438752855626,0.855947746066476,0.987483509765436,0.251649023456353,0.733485633385888,7713.53880927419
"81",13,"Hidalgo",30,"Ixmiquilpan",0.924533385220996,0.991685144124169,0.636076899969961,0.81443833260698,0.957995518435527,0.845426767162355,0.970747606437156,0.934039519250357,0.988347932369118,0.459441841515584,0.777836626604196,8040.03489016189
"82",13,"Hidalgo",48,"Pachuca de Soto",0.979483925549915,0.982996470965672,0.794201916698423,0.797251219436418,0.98977981417844,0.989054346442663,0.969008527427771,0.994259895634466,0.996970854015528,0.738691612574774,0.895278095965381,19576.0137963245
"83",13,"Hidalgo",51,"Mineral de la Reforma",0.981148948347403,0.989153108051731,0.813044957298623,0.814794469060131,0.995909362504022,0.988509445236016,0.983913223330422,0.993634232660753,0.997655926828147,0.73252286620398,0.904076848830262,14323.263317556
"84",13,"Hidalgo",69,"Tizayuca",0.979176195864128,0.97972943955336,0.751192416832699,0.780419260344196,0.990722988434659,0.990475601459583,0.990784835178428,0.998361061290123,0.990753911806543,0.748933143669986,0.878718535469107,10635.390345009
"85",13,"Hidalgo",77,"Tulancingo de Bravo",0.945248253793483,0.973934321583091,0.638147073261051,0.723291590673329,0.983546443793604,0.957306474271972,0.969188275353001,0.979736647855799,0.991808938733719,0.609376860251923,0.823296902159678,9842.2306889752
"86",14,"Jalisco",18,"La Barca",0.948634647466854,0.949086052917119,0.517790736054571,0.861764956173943,0.990632318501171,0.988413657093554,0.995069641316406,0.997226673240478,0.995131270799951,0.77314187107112,0.943609022556391,10368.2241384267
"87",14,"Jalisco",39,"Guadalajara",0.982779801745319,0.972603540780375,0.724958137274394,0.774558530328006,0.99637484969354,0.996410440229508,0.995805401118051,0.999420382699949,0.999430551424511,0.864077200956877,0.97174619880365,16449.9663692019
"88",14,"Jalisco",67,"Puerto Vallarta",0.978186471446002,0.962545603695788,0.712463189468091,0.809804542217298,0.992814084896994,0.989026063100137,0.982393878758133,0.992411371616265,0.99592252803262,0.773889077660739,0.951057751601414,14982.7037971543
"89",14,"Jalisco",70,"El Salto",0.970407897732817,0.944903734117516,0.631043132655721,0.789134410147578,0.970885257596362,0.981964910716276,0.95394252847939,0.987181487839133,0.996856677887509,0.782865550527231,0.924694027687986,8283.38605106053
"90",14,"Jalisco",93,"Tepatitlán de Morelos",0.952561231560237,0.951207105685331,0.513457286432161,0.812579658922972,0.99653864259408,0.990058981530197,0.986929914435245,0.993548029795364,0.99706476891978,0.906571040899399,0.956165369811425,11050.5397153475
"91",14,"Jalisco",97,"Tlajomulco de Zúñiga",0.979971521663091,0.954006081099262,0.690193372072159,0.809123284973413,0.993820484027639,0.991746867185186,0.993200465702653,0.997754155845051,0.997044579317567,0.796916442197069,0.941387601011319,21170.384646058
"92",14,"Jalisco",98,"San Pedro Tlaquepaque",0.967825095959125,0.950339713773076,0.654041486170569,0.776140927345747,0.981466544675318,0.991169672308767,0.978655526930393,0.994883586545638,0.998838273180363,0.815417860496473,0.939253124021862,12484.6849456229
"93",14,"Jalisco",101,"Tonalá",0.974002339789419,0.952748195629132,0.665548374498599,0.760374129452793,0.983950217950495,0.991050937264144,0.978551514871463,0.992275464781356,0.998244073748903,0.814310798946444,0.941030143400644,14079.1733870477
"94",14,"Jalisco",120,"Zapopan",0.97962770519094,0.963106185267641,0.743917841436642,0.823290554540913,0.986915804470317,0.993367291462792,0.984607320792802,0.997752852845318,0.998525135428254,0.861563467967001,0.962381195337309,20153.9755716035
"95",15,"México",2,"Acolman",0.979621291892088,0.975814731718447,0.724250497849472,0.794019384551274,0.985190706920114,0.943868803578084,0.847832028823456,0.951795254068828,0.99731643682445,0.727220772766803,0.886718847061747,8747.21370561522
"96",15,"México",13,"Atizapán de Zaragoza",0.978937452714965,0.974400350080683,0.744102851874862,0.754934091943747,0.995549680241411,0.979963179313972,0.998491182414662,0.999543202015448,0.990967858032723,0.803120068658121,0.912557791866227,67950.8915714823
"97",15,"México",20,"Coacalco de Berriozábal",0.992126160184825,0.983368310598111,0.830797968124278,0.800814138802021,0.997990442347751,0.992807254012989,0.999375076583752,0.999583384389168,0.997990442347751,0.895650042886901,0.967785810562431,10219.0380557262
"98",15,"México",29,"Chicoloapan",0.981489646050619,0.979349893854595,0.745098988669222,0.738854153786604,0.993051843933725,0.992038187213181,0.985274332368824,0.999262795112332,0.999594537311782,0.759910798208592,0.895961960227796,11466.6955347252
"99",15,"México",30,"Chiconcuac",0.984647212543554,0.981195433176629,0.738950125504747,0.653060350366214,0.980719794344473,0.975945648182152,0.938486962908557,0.987513771575468,0.994858611825193,0.586485493940507,0.788468600807932,10959.0654429476
"100",15,"México",31,"Chimalhuacán",0.968418810576969,0.975550604164881,0.628508358292483,0.748967011023427,0.974364674076299,0.980024031240613,0.945923700811054,0.995482126764794,0.992880744968459,0.649023730850105,0.807281465905677,8647.30000086922
"101",15,"México",33,"Ecatepec de Morelos",0.980321316730385,0.976843476958814,0.729744783057408,0.737332250762467,0.990429548425798,0.994575980914047,0.984879602345447,0.997996615998223,0.99921696305302,0.799382270852938,0.919324298643881,11775.9416631822
"102",15,"México",37,"Huixquilucan",0.980812379491782,0.98651342186327,0.777860430056336,0.792706364778057,0.993198683793868,0.989150936901959,0.983038013024383,0.995952253108091,0.99803119794033,0.815978962730439,0.904602591108725,8052.25756684097
"103",15,"México",54,"Metepec",0.98381515350927,0.98273060379162,0.797153854463377,0.818687763252243,0.994005339781371,0.975601564992528,0.98460195120313,0.994710593924739,0.993585545648414,0.789028260541031,0.882541601598576,17604.3165317423
"104",15,"México",57,"Naucalpan de Juárez",0.978260735524884,0.978620724144829,0.732274252925857,0.784871117239266,0.992653167185877,0.988685531325718,0.994241086881274,0.998446694357909,0.995543440636899,0.771356870889581,0.902924887504327,13262.8486646634
"105",15,"México",58,"Nezahualcóyotl",0.979245024327159,0.977904377990759,0.730401167518911,0.745204622011382,0.993001702288632,0.991656287583286,0.993608387964784,0.997455488899436,0.997376976635464,0.779252063623484,0.900250168622931,14018.2583202057
"106",15,"México",70,"La Paz",0.972115019011407,0.975631360352735,0.671672195753471,0.745349120864686,0.976770901513431,0.986735770674432,0.878685064718219,0.993281060069727,0.991130464982702,0.660927293856778,0.812737934627252,9144.59427588341
"107",15,"México",81,"Tecámac",0.986038944660243,0.982908794113706,0.810260787102892,0.761800222231489,0.994050873599425,0.993903981589535,0.992320812149601,0.998808542586442,0.998865667256955,0.822750308065187,0.922424697443263,17922.5823791551
"108",15,"México",99,"Texcoco",0.983100495718792,0.993399428848537,0.764061020978713,0.75875090066449,0.990669593852909,0.968973978175244,0.954510234390134,0.987521792471105,0.990798734422419,0.728288241751146,0.870375153354426,8699.01117787709
"109",15,"México",104,"Tlalnepantla de Baz",0.978492685169327,0.981671690874212,0.745369901831798,0.803235754585104,0.996036901632575,0.992572337875538,0.998297932340293,0.998665538669164,0.996636150305667,0.81520480204651,0.925587414770724,13734.6480298403
"110",15,"México",106,"Toluca",0.965396037361219,0.98113352090704,0.736527817095811,0.839476325780067,0.984090513808665,0.960230861473962,0.960052360334301,0.975430920058951,0.997464368426352,0.64173448184323,0.802060543925011,12389.3019390987
"111",15,"México",109,"Tultitlán",0.98413470552169,0.980849546704696,0.761857995883865,0.770992128536082,0.992799507906068,0.989391033759091,0.994847487064443,0.997677027173716,0.99837174801896,0.815660165719868,0.925715526287224,9634.0633892419
"112",15,"México",118,"Zinacantepec",0.9555185591585,0.969633507853403,0.657382290987892,0.845759141354109,0.966664406626438,0.937329084457703,0.965330982891496,0.974890953058964,0.994575903451081,0.528600809094402,0.684227179243791,7605.22508222073
"113",15,"México",120,"Zumpango",0.972937629408987,0.977857851584939,0.712332467077408,0.777042555317472,0.990429286383666,0.978266504496242,0.969772496161745,0.992742208840947,0.995593483939146,0.687795346240504,0.844735110561681,7452.46465051212
"114",15,"México",121,"Cuautitlán Izcalli",0.989076932462937,0.981097225497131,0.804107997902382,0.767948987939511,0.997057914746699,0.988842914142161,0.978646372099897,0.997783360425595,0.996325751978183,0.865765681045716,0.950770450179346,17107.7873335143
"115",16,"Michoacán de Ocampo",15,"Coalcomán de Vázquez Pallares",0.894569433669511,0.915871121718377,0.361154324828874,0.861631819274213,0.879975124378109,0.915215588723051,0.957296849087894,0.939054726368159,0.927031509121061,0.731550580431177,0.824419568822554,9086.50086637279
"116",16,"Michoacán de Ocampo",50,"Maravatío",0.906105074864184,0.958982822910936,0.429489308009032,0.781805006420117,0.955551457026927,0.7996587974917,0.95421431206197,0.857156030984876,0.982017705643674,0.53896163777204,0.819070453707119,7606.71261313762
"117",16,"Michoacán de Ocampo",53,"Morelia",0.965008501162646,0.97494796374462,0.694119468341553,0.748956222988159,0.975478180129991,0.961745589600743,0.968927576601671,0.978505106778087,0.997056638811514,0.773741875580316,0.927288765088208,13645.0568422619
"118",16,"Michoacán de Ocampo",69,"La Piedad",0.948100694997082,0.945702402957486,0.542797855784195,0.798675888910041,0.995894514923993,0.984465732144839,0.982394496430817,0.989015053445279,0.996412323852498,0.819173724895514,0.948588970669823,13547.8415906656
"119",16,"Michoacán de Ocampo",102,"Uruapan",0.943702550945301,0.948055333495534,0.579727241703286,0.739830211044229,0.947802800318585,0.924024332529175,0.975078780603234,0.943451109854213,0.993836067087599,0.725300982304665,0.867325384091512,11594.4565950752
"120",16,"Michoacán de Ocampo",108,"Zamora",0.928474936767073,0.89790829348432,0.503020908435472,0.713833121558662,0.983355765767474,0.967886864703987,0.944778298041743,0.969498208564767,0.994293947034179,0.714830050615154,0.882106500350704,11765.4901095981
"121",16,"Michoacán de Ocampo",112,"Zitácuaro",0.918055799263029,0.972809475292919,0.567478031634446,0.641011818929154,0.907913139492087,0.799362041467305,0.974677953625322,0.967611336032389,0.984639921482027,0.541185130658815,0.710636731689363,8001.67342312892
"122",17,"Morelos",4,"Ayala",0.93109748140415,0.944572123833987,0.610548530109444,0.853589882008175,0.940310962754743,0.926563598032326,0.956210470836261,0.956166549543219,0.989766338721012,0.621310611384399,0.859012649332396,7482.0835057395
"123",17,"Morelos",6,"Cuautla",0.955866307575444,0.957160303380897,0.694447710000207,0.80050198003235,0.963378760798332,0.978850163836759,0.956527405421507,0.989871909442955,0.995029043789097,0.649128686327078,0.88749255287459,10600.9079986793
"124",17,"Morelos",7,"Cuernavaca",0.972300399426713,0.976352472618653,0.772566919710264,0.823444254019876,0.988317146059021,0.99304258498319,0.980323122898767,0.995031751961151,0.996544639521853,0.740791931266343,0.948477773627195,17872.4069941964
"125",17,"Morelos",8,"Emiliano Zapata",0.951685565644309,0.957253886010363,0.668260893885999,0.846977727126877,0.96538574361983,0.98166617776474,0.975432678204752,0.986799647990613,0.998679964799061,0.623936638310355,0.914637723672631,14501.0637990285
"126",17,"Morelos",11,"Jiutepec",0.967297901906168,0.980697554619557,0.734806526340766,0.836265636123258,0.981078884964264,0.990249241331277,0.975473857022039,0.992935674842048,0.996384922806494,0.688887783360695,0.924083378936371,12599.2396463207
"127",17,"Morelos",18,"Temixco",0.94132480106574,0.956876820640866,0.620213665543156,0.846091143463755,0.971224207264816,0.984013448480454,0.971026435493441,0.991298042059463,0.994429428439581,0.566879820686927,0.892642890104819,9419.32049932421
"128",17,"Morelos",29,"Yautepec",0.945811227967019,0.954235130756769,0.649880095923261,0.87409443450098,0.966350393284187,0.965574406546506,0.930337554230891,0.981341046171211,0.992345948996508,0.627244188917498,0.889421889880427,11546.4207359768
"129",18,"Nayarit",3,"Amatlán de Cañas",0.930774425934264,0.974171813587872,0.529059925516307,0.9397557167784,0.980250347705146,0.964116828929068,0.98442280945758,0.966620305980529,0.993602225312935,0.778303198887344,0.910152990264256,7010.54673192111
"130",18,"Nayarit",4,"Compostela",0.946509468993687,0.961993047508691,0.574017284638974,0.825611363303558,0.983189019896831,0.974345983787767,0.967759764185704,0.98581429624171,0.988761974944731,0.755941414885777,0.913181650700074,11652.9259957627
"131",18,"Nayarit",8,"Xalisco",0.969228111736255,0.974203950020153,0.744633019590405,0.828203639179249,0.989423845538953,0.990530652401156,0.993359158826785,0.993974051528008,0.997355961384738,0.788784357129681,0.936604562503843,18402.2606150846
"132",18,"Nayarit",12,"San Blas",0.930305600050253,0.96448087431694,0.529024950445207,0.84306661291948,0.972856494783003,0.960607893543021,0.972176016936337,0.975578406169666,0.991078179343717,0.67873884772418,0.844699833660971,8642.74942015049
"133",18,"Nayarit",15,"Santiago Ixcuintla",0.936991559010444,0.973282442748092,0.584999720717198,0.897819964769374,0.980708838043966,0.939848845636194,0.89809158988163,0.957863132829486,0.989025779066156,0.741208544707872,0.888842875383925,8247.12920002155
"134",18,"Nayarit",17,"Tepic",0.978511257264613,0.981007625017542,0.772843435710842,0.825453595718824,0.989211625301327,0.977056666553492,0.989398363494381,0.989288018198486,0.995034461684718,0.784215529827182,0.931051166264897,16982.9733588483
"135",18,"Nayarit",20,"Bahía de Banderas",0.96881002207379,0.961396106299504,0.65416288078045,0.804159933583384,0.972881117569848,0.986475717232327,0.98896024751547,0.992991749484343,0.994210575660979,0.7124273392087,0.913393024564035,14431.5259804418
"136",19,"Nuevo León",6,"Apodaca",0.990747373164773,0.98645100496766,0.826664604254914,0.889052420617524,0.998587543782976,0.996218671024379,0.998505203286019,0.998733223123745,0.999182928914816,0.911940005447141,0.976900323661492,17232.327885196
"137",19,"Nuevo León",18,"García",0.989839056128008,0.976528350355286,0.777453905401525,0.893972467860593,0.994337519506576,0.989314111614773,0.983785390503084,0.996626291149588,0.997101880062421,0.798261128037453,0.938158579178123,14217.6508780246
"138",19,"Nuevo León",19,"San Pedro Garza García",0.99120373103489,0.988575055537924,0.851615140705509,0.892630673263067,0.997434936738047,0.986050667204658,0.999654148773669,1,0.996627950543275,0.939014900423668,0.979047179871459,31343.6240642502
"139",19,"Nuevo León",21,"General Escobedo",0.985227184413531,0.973893521488133,0.747522686795013,0.879237089324255,0.990508202843896,0.985379717432296,0.990016305486477,0.9987884750271,0.998232813197424,0.863680667522932,0.955510616784631,20518.4686778264
"140",19,"Nuevo León",26,"Guadalupe",0.986195809057454,0.987272237308514,0.777989498965807,0.862479081716831,0.994664240179187,0.990766066505858,0.995972605099931,0.997927076154376,0.99878316678153,0.910035105099931,0.976977084769125,18072.310314226
"141",19,"Nuevo León",31,"Juárez",0.985392483413957,0.979252683732452,0.764104759345869,0.872152620550732,0.988963846693682,0.990016525932131,0.985749213320354,0.996649537047518,0.997679578022774,0.852341928327259,0.956975980802753,9993.58071761572
"142",19,"Nuevo León",39,"Monterrey",0.982595305543849,0.981041104845959,0.756602516517818,0.867711382947044,0.993559227107253,0.992392969509282,0.989263182170096,0.996270611296885,0.99854711977202,0.888948556179683,0.972925692259542,25370.285510802
"143",19,"Nuevo León",46,"San Nicolás de los Garza",0.989713297631812,0.976450101579667,0.808365503220796,0.877878524774553,0.998732793321075,0.995370140303798,0.999362255462241,0.999262866703109,0.999246301909921,0.922559591843496,0.985588629925955,18028.0423631667
"144",19,"Nuevo León",48,"Santa Catarina",0.986527815238609,0.980970197393885,0.762136502334473,0.888348077136618,0.981732756518055,0.979422072170374,0.988870203725337,0.995442816980962,0.996123185150002,0.872925198012811,0.963285793142402,20424.2812680314
"145",20,"Oaxaca",41,"Huautla de Jiménez",0.691680486456606,0.949079949238579,0.366512915129151,0.684965449849934,0.692149758454106,0.533454106280193,0.66219806763285,0.639734299516908,0.955434782608696,0.121014492753623,0.283333333333333,7262.16092260526
"146",20,"Oaxaca",67,"Oaxaca de Juárez",0.969844420257379,0.969965520956793,0.744234852599872,0.747852244210664,0.962867785060491,0.942554788785263,0.94633730834753,0.956111223399648,0.993474431900211,0.658995755493316,0.875624404469725,16535.9552423176
"147",20,"Oaxaca",184,"San Juan Bautista Tuxtepec",0.929125816993464,0.97350505334082,0.595105056174983,0.789763901310613,0.929134028649327,0.909875795213572,0.908209633444411,0.939130999264292,0.982754143765958,0.635608257238066,0.816852036179513,7569.51278997231
"148",20,"Oaxaca",385,"Santa Cruz Xoxocotlán",0.961024186280159,0.976688311688312,0.706470239857862,0.777626049183609,0.938238003517293,0.88706975965162,0.759819110627251,0.923624487061385,0.981450464785194,0.59471568545348,0.864332970437987,11498.9438649093
"149",21,"Puebla",15,"Amozoc",0.948450743365291,0.954570708149921,0.613078295191468,0.787854650280686,0.970066723190917,0.958897039849596,0.851771297968813,0.977439451469016,0.995207726619235,0.594057581007852,0.733770781877834,9643.66373129298
"150",21,"Puebla",41,"Cuautlancingo",0.98321996034037,0.955090757354475,0.75180583646345,0.780530938478714,0.991468517857722,0.988192169202323,0.988516560158303,0.998118532455315,0.997696824212541,0.710253998118532,0.875531190190417,12482.0179545455
"151",21,"Puebla",45,"Chalchicomula de Sesma",0.906418081827522,0.96929143266818,0.530253091832724,0.826828576828577,0.967758228807139,0.837275864971799,0.972724976849903,0.865813620675141,0.997053624042428,0.475545079552151,0.551224850576648,9379.96572448636
"152",21,"Puebla",83,"Ixtacamaxtitlán",0.848743537333173,0.983143785540211,0.430127587867116,0.945304017372421,0.897016197783461,0.583290707587383,0.901619778346121,0.73998294970162,0.965217391304348,0.245183290707587,0.414492753623188,5045.62783137632
"153",21,"Puebla",114,"Puebla",0.973109415047463,0.968256992607271,0.736182050155822,0.787077270185212,0.991689975931829,0.982480880207414,0.971099608776055,0.988981145050227,0.998064788915631,0.715972344834636,0.866412355614203,15387.2031778971
"154",21,"Puebla",119,"San Andrés Cholula",0.980817533821462,0.984592634993322,0.760059119814862,0.734000839663818,0.990915128171072,0.986319564351175,0.950776995616948,0.992269889759596,0.999495284898393,0.706016735290211,0.914357816443087,15778.5888480533
"155",21,"Puebla",156,"Tehuacán",0.933377798194314,0.956678314198103,0.578037135278515,0.788031571162977,0.940667642824624,0.933801725092591,0.960071858350457,0.963652471361248,0.990291739981051,0.531075045219082,0.778260388084311,10343.2695710886
"156",22,"Querétaro",5,"Colón",0.916249614572709,0.965559858284584,0.493789926144055,0.864189564625119,0.977148774594408,0.834725578184329,0.981014842940973,0.869244045564377,0.987642388677943,0.516327235070763,0.779357956506731,13788.8014558075
"157",22,"Querétaro",6,"Corregidora",0.977673877541889,0.980723879831847,0.801509755805602,0.852143387726739,0.991290880566394,0.983446639044209,0.977171245826461,0.99493141317028,0.996580715233919,0.855163119996782,0.953497727181303,22665.8500306735
"158",22,"Querétaro",11,"El Marqués",0.951909213524952,0.967847605483354,0.646562561108473,0.856147773963978,0.981441654785782,0.963342435299519,0.94739385738105,0.983737283425561,0.99291979798468,0.646763163617911,0.875842737355919,9979.78774820387
"159",22,"Querétaro",14,"Querétaro",0.975012826231585,0.973999764303812,0.760443587388668,0.849360954143431,0.990756471306982,0.983860439036229,0.981826779034053,0.987894283155772,0.99777385366017,0.792035250106704,0.927767409552344,17435.4206214298
"160",22,"Querétaro",16,"San Juan del Río",0.958528325123153,0.974727092292425,0.686683723635914,0.859251221720934,0.988075652112775,0.954805596568938,0.985446108415946,0.967939253322084,0.993194122196442,0.695169795401814,0.909034662166913,13405.1422462337
"161",23,"Quintana Roo",1,"Cozumel",0.969979546150006,0.971042600147128,0.730017761989343,0.842007458602212,0.992006957674149,0.993704961484304,0.976020873022447,0.995320135840305,0.996396918744305,0.760084486043237,0.879690217841464,14216.4931162804
"162",23,"Quintana Roo",4,"Othón P. Blanco",0.955534019154021,0.974910394265233,0.702979605612073,0.87400288743383,0.972659627022354,0.971054094108929,0.985858960108682,0.985457576880326,0.988545140175374,0.791990860812647,0.87240644683216,12350.523695709
"163",23,"Quintana Roo",5,"Benito Juárez",0.976604672469079,0.964200618483533,0.742765137459633,0.775245911781082,0.988713674250957,0.995755800856049,0.969565217391304,0.9953908537959,0.992074791619734,0.751061049785988,0.89053390403244,16563.6520471647
"164",23,"Quintana Roo",8,"Solidaridad",0.977977671534463,0.949088071783868,0.752999902123911,0.768739701270398,0.98915344301543,0.991751945227077,0.982686384140377,0.993722719376359,0.989941752675143,0.625465321674136,0.810864074977008,17188.917308379
"165",23,"Quintana Roo",9,"Tulum",0.940710277170886,0.965102974828375,0.67118702257317,0.797055407528865,0.967501331912627,0.969525839104955,0.990729888119339,0.968140649973362,0.975386254661694,0.628343100692595,0.761108151305274,9966.82284877507
"166",24,"San Luis Potosí",13,"Ciudad Valles",0.947841602658845,0.975901960111222,0.683702271925384,0.880517307148043,0.933785224369934,0.819075969990144,0.956996600760303,0.864332119798057,0.969366615041133,0.709515859766277,0.873644829736308,8458.2273697603
"167",24,"San Luis Potosí",20,"Matehuala",0.960793859900338,0.98691980793642,0.67061798640746,0.914373531409735,0.987191253341846,0.853517417501297,0.91161565779498,0.902597661705439,0.982323131558996,0.853238099038346,0.918039982442839,11525.2109377036
"168",24,"San Luis Potosí",28,"San Luis Potosí",0.976976820874696,0.971307720498412,0.747410151003297,0.86002314232795,0.989287260135623,0.978827009089597,0.972907048045015,0.988317883422306,0.994657156254509,0.82600364305295,0.930376208339345,16362.0605131798
"169",24,"San Luis Potosí",35,"Soledad de Graciano Sánchez",0.97760981368651,0.97192055393586,0.743632514856332,0.899292903848405,0.988790760869565,0.991107822204969,0.991920613354037,0.995717682453416,0.996506211180124,0.844829677795031,0.938094429347826,10976.8963822834
"170",24,"San Luis Potosí",37,"Tamazunchale",0.85657104736491,0.973964934516265,0.512495403162624,0.925417952598277,0.836676217765043,0.611882163323782,0.79862106017192,0.775250716332378,0.975376074498567,0.258551217765043,0.604718839541547,7068.91984115211
"171",24,"San Luis Potosí",39,"Tampamolón Corona",0.869800410371199,0.98328173374613,0.522276301010857,0.936003360873827,0.73836032388664,0.287449392712551,0.778846153846154,0.443825910931174,0.913461538461538,0.231781376518219,0.589574898785425,8340.19169180691
"172",25,"Sinaloa",1,"Ahome",0.972681221331491,0.974167513108409,0.711903975066019,0.861080814533936,0.979381526298416,0.944448469917639,0.979864583081741,0.95350578460498,0.994066452511493,0.756547432150649,0.949287088697276,16239.5548817101
"173",25,"Sinaloa",6,"Culiacán",0.968869362178359,0.977455400901784,0.722051593800517,0.823342410494036,0.983630137546073,0.965270229406909,0.983515720135013,0.974456312980655,0.996518441634861,0.812269632801837,0.966741310406264,18014.6731681043
"174",25,"Sinaloa",8,"Elota",0.915841850457235,0.948178707989535,0.457225308808458,0.882698251363853,0.970191676991473,0.760877487063625,0.972159463595948,0.948837548283653,0.994169521171926,0.536841338094891,0.717148895853072,9496.22805809722
"175",25,"Sinaloa",10,"El Fuerte",0.940025018213809,0.971587217201252,0.549960075993282,0.856293771236903,0.927898619254776,0.700094571590694,0.940344240590127,0.778437677321733,0.982787970493664,0.585322489124267,0.898013996595423,5729.59953659696
"176",25,"Sinaloa",12,"Mazatlán",0.980614272568449,0.972329317776738,0.715266924735319,0.844773124795956,0.986578830596989,0.979506434105881,0.990449534081988,0.989739563777861,0.997979315288255,0.777321910093184,0.958494043758747,17755.3483516499
"177",25,"Sinaloa",17,"Sinaloa",0.900094906675103,0.972859327217125,0.465730630873334,0.9135764177512,0.920105630650792,0.758123713185928,0.917957210634679,0.865947542744607,0.967863217258974,0.634007698505058,0.89727866797959,9275.53983666626
"178",26,"Sonora",18,"Cajeme",0.979335498068666,0.968105178041987,0.761283913443206,0.880563701367827,0.977492411860845,0.965849482449996,0.986777181103588,0.980652190831971,0.99227955482917,0.750167328196747,0.951498171063896,13605.881323859
"179",26,"Sonora",29,"Guaymas",0.974035825733152,0.97741281266155,0.700190834750922,0.883955467329289,0.959402225196954,0.865807895718581,0.977857754174987,0.883714806118194,0.979240272992605,0.700234808751564,0.916917202484145,19709.661476189
"180",26,"Sonora",30,"Hermosillo",0.987133853286738,0.97216242033676,0.793466885354365,0.875243921373785,0.983303370001204,0.966032065295472,0.98216566939896,0.972838854222888,0.99360480241674,0.7759079277929,0.958856397333199,21497.1563248313
"181",26,"Sonora",42,"Navojoa",0.973031202948101,0.983233924934536,0.705275697470031,0.894348959542557,0.952822944896116,0.740401987353207,0.965176151761518,0.789092140921409,0.981413730803975,0.607452574525745,0.90483288166215,13172.8869618775
"182",26,"Sonora",43,"Nogales",0.992604095060395,0.972159742942392,0.776112787046728,0.837571189834825,0.98729340269785,0.982075717815325,0.908092015407516,0.992050703620153,0.991237358623759,0.832558353666958,0.95818179027976,12309.1521424967
"183",26,"Sonora",55,"San Luis Río Colorado",0.970465494267348,0.964420076409344,0.659910950714815,0.725355341586428,0.971945229944932,0.91684030361661,0.982605298407501,0.940132460187528,0.968633725256735,0.793347224289329,0.932262985563328,11406.0347597984
"184",27,"Tabasco",1,"Balancán",0.907924172848228,0.970913747370347,0.53501862943923,0.930557585501315,0.951736212430697,0.945783484096878,0.877093667931135,0.957922381091334,0.979807411730376,0.670382258535162,0.792179749051649,8811.04407407407
"185",27,"Tabasco",2,"Cárdenas",0.940721220527046,0.965693162411639,0.597333333333333,0.851211459907112,0.93424625536512,0.966320184530935,0.847251014628164,0.966787351455517,0.991518000525563,0.729919121726182,0.831046161931735,11541.2186229738
"186",27,"Tabasco",3,"Centla",0.938865450245882,0.977954310425872,0.644822202481897,0.871725457469112,0.909656753903833,0.928657227095694,0.677574345721254,0.949150074618717,0.98813380409857,0.631492738324901,0.77355949477669,9155.59997637293
"187",27,"Tabasco",4,"Centro",0.968872157831092,0.967286180377534,0.758112544857601,0.792537501334638,0.988019929463136,0.989444916612806,0.988126803499361,0.995918429664161,0.99794903635244,0.828945560401643,0.932995068526614,14930.088803268
"188",27,"Tabasco",5,"Comalcalco",0.946260770153083,0.965956221198157,0.630280483626218,0.853362358515978,0.95251283826669,0.96230261766007,0.926028503837055,0.95682111053411,0.995634027657569,0.756024849498971,0.853961110149443,11567.2715188389
"189",27,"Tabasco",6,"Cunduacán",0.931862529111853,0.963863466750462,0.602736994553297,0.832840619043003,0.939087146213223,0.950581720550397,0.824756684192863,0.96945967110415,0.994462467837566,0.699267255845173,0.839495469291867,9703.30447987092
"190",27,"Tabasco",8,"Huimanguillo",0.930763795606836,0.970780758196151,0.588732547569285,0.881882670870397,0.955519850309144,0.951411487146111,0.757769280833062,0.961723071916694,0.987715587373902,0.686483078424992,0.79246664497234,7447.18976374248
"191",27,"Tabasco",9,"Jalapa",0.934404570612391,0.971730300568643,0.598102398854279,0.876783509890047,0.96103515625,0.946875,0.8896484375,0.95634765625,0.9884765625,0.71884765625,0.88203125,6560.57644230044
"192",27,"Tabasco",10,"Jalpa de Méndez",0.948168986441177,0.974091931854709,0.670781083517744,0.843625751860536,0.96867525298988,0.955151793928243,0.91214351425943,0.970607175712972,0.993468261269549,0.737994480220791,0.867663293468261,11695.4013454018
"193",27,"Tabasco",12,"Macuspana",0.939447666810196,0.979300827966881,0.648900620119625,0.929857649348226,0.944526982240406,0.958766656762131,0.842997874334301,0.968252154236475,0.992983017531028,0.704761034033508,0.870951521108089,9575.81522239053
"194",27,"Tabasco",13,"Nacajuca",0.95166313818093,0.983975728570208,0.752791345045936,0.849673255085821,0.974878160424352,0.970704650098279,0.97258946121328,0.982390479011282,0.997684374915857,0.819650502167533,0.914806537601982,11424.6624998295
"195",27,"Tabasco",14,"Paraíso",0.958028020399789,0.96205568533367,0.680521920361646,0.857309192524888,0.985647819572589,0.98083747338538,0.934902610204243,0.992350760980995,0.997161107168204,0.811016481350051,0.908603422443025,11514.8398593567
"196",27,"Tabasco",16,"Teapa",0.902857007035558,0.9316832679344,0.540330649387775,0.907468692414727,0.971413585103593,0.9598085496984,0.900013113034356,0.969315499606609,0.989640702858641,0.618804091266719,0.807959611854183,8379.13796296296
"197",27,"Tabasco",17,"Tenosique",0.913918588938147,0.969768096892311,0.58526570621603,0.873189077031383,0.959188515838178,0.95610392691897,0.904140467433859,0.963518804128604,0.981077233361015,0.677957053031202,0.820500652509194,8259.53021382254
"198",28,"Tamaulipas",3,"Altamira",0.970821616006018,0.966045175737513,0.677349774414466,0.844409998969758,0.98363254767549,0.908016125866312,0.977351311359072,0.933699738785124,0.985172658503073,0.758670672968035,0.898216793247671,8800.82604837327
"199",28,"Tamaulipas",9,"Ciudad Madero",0.985611599644304,0.976200750157666,0.77267494398574,0.849452788271548,0.994447911166579,0.979567673082769,0.986335781372502,0.991775868413895,0.996447943167091,0.830845293524696,0.949391190259044,13800.0886775562
"200",28,"Tamaulipas",22,"Matamoros",0.975364646059146,0.967053121838978,0.675507057989386,0.843987779997674,0.986111875412723,0.927003081664099,0.967718192824125,0.940643572529166,0.98484619194365,0.675242130750605,0.925991910631741,14151.4848390109
"201",28,"Tamaulipas",27,"Nuevo Laredo",0.976899719824215,0.953833121558662,0.680283241878724,0.781637620808774,0.98903238367188,0.977119123332375,0.989134364888794,0.985537209237644,0.995661162771293,0.830664824824082,0.961831211814988,12189.2356240943
"202",28,"Tamaulipas",32,"Reynosa",0.978029128117368,0.956457488487181,0.697483266218939,0.836337111280855,0.989162379604631,0.948169555793374,0.985864918161027,0.966965629261032,0.986913369657922,0.772056866270826,0.930487122516718,15073.6814245912
"203",28,"Tamaulipas",33,"Río Bravo",0.964035579597805,0.945499360964031,0.601316703609356,0.742346850133778,0.980478363058205,0.878169500898659,0.975362919950228,0.901036914143509,0.983879441448915,0.761399142817641,0.918705931148901,10956.2865037804
"204",28,"Tamaulipas",38,"Tampico",0.981805404971289,0.977871032278527,0.755969620904937,0.845247844717732,0.997634554264576,0.994008232167978,0.992841139998958,0.99533163132392,0.998134736622727,0.830511123847236,0.950450685145626,18615.6734928956
"205",28,"Tamaulipas",41,"Victoria",0.981533858488581,0.9836050055849,0.769969676220288,0.925364411223929,0.982540204828693,0.95696746596471,0.986468144613992,0.969800106938675,0.991300950108995,0.836414675276601,0.947774852959322,25467.362514478
"206",29,"Tlaxcala",5,"Apizaco",0.978771220136224,0.987192118226601,0.773071655195132,0.81143212607133,0.99545752552215,0.990587243607755,0.994567762480097,0.99503605881802,0.99709656270488,0.66114076987918,0.847710030907558,10282.5777630333
"207",29,"Tlaxcala",8,"Cuapiaxtla",0.938803352173066,0.960833074292819,0.529549444119368,0.912823112012164,0.982566058294743,0.915826750204304,0.99645873059112,0.961863252519749,0.996186325251975,0.439662217379461,0.551893217107055,9057.02623732915
"208",29,"Tlaxcala",10,"Chiautempan",0.977040018758793,0.981165097091424,0.728332974580749,0.800602727809364,0.991219008264463,0.979051882460973,0.995982552800735,0.986685032139578,0.996786042240588,0.494892102846648,0.735996326905418,11368.4378770338
"209",29,"Tlaxcala",13,"Huamantla",0.946521124548453,0.96344262295082,0.592813523042055,0.850782003787924,0.976124268865663,0.90967494486528,0.988349793844089,0.950378751558155,0.989260715313069,0.438632658931825,0.577332438392943,7640.4298564193
"210",29,"Tlaxcala",17,"Mazatecochco de José María Morelos",0.941522762951334,0.953524004085802,0.550392670157068,0.616121471517375,0.915969899665552,0.951923076923077,0.996655518394649,0.97742474916388,0.992892976588629,0.289715719063545,0.466973244147157,6615.70267118734
"211",29,"Tlaxcala",18,"Contla de Juan Cuamatzi",0.959997127262281,0.98072772124576,0.694192573402418,0.810928088155528,0.964711171049674,0.945380984490897,0.993818835693414,0.96774556080018,0.994380759721286,0.343785120251742,0.596988087210609,5874.78510043918
"212",29,"Tlaxcala",25,"San Pablo del Monte",0.920577754189097,0.955951513545738,0.520142000151872,0.806683574948843,0.958217097514103,0.952637778191061,0.962804537846383,0.966710061372513,0.991693013452359,0.451180955923377,0.603992312937822,9578.65734857665
"213",29,"Tlaxcala",26,"Santa Cruz Tlaxcala",0.971822166562304,0.977476255088195,0.690526022045486,0.871082968014288,0.983536703466977,0.939957389114856,0.99535153980244,0.957389114855704,0.994383110594615,0.547356188262638,0.743366259926399,11265.2880661106
"214",29,"Tlaxcala",28,"Teolocholco",0.946638905413444,0.976221640488656,0.663344473621389,0.801890669954788,0.972988077496274,0.956594634873323,0.990871833084948,0.971311475409836,0.992548435171386,0.423248882265276,0.627608047690015,13536.4196678836
"215",29,"Tlaxcala",31,"Tetla de la Solidaridad",0.965619805791269,0.9814875491481,0.698531667762437,0.863493458638991,0.987289631634695,0.929504531010945,0.977521478168765,0.960456631752383,0.98929033776627,0.583617747440273,0.775214781687654,9466.24156990692
"216",29,"Tlaxcala",32,"Tetlatlahuca",0.979600121790318,0.972407654650645,0.662519122896481,0.843876723438767,0.982976040353089,0.930643127364439,0.987074401008827,0.950504413619168,0.992749054224464,0.632723833543506,0.712484237074401,8094.04494854146
"217",29,"Tlaxcala",33,"Tlaxcala",0.986565922639678,0.979524862666762,0.829086207615632,0.820187371224971,0.993790456119223,0.980242360379347,0.991005569772693,0.99574740328165,0.996349540870089,0.701377389733554,0.87279843444227,13887.8326300929
"218",29,"Tlaxcala",36,"Totolac",0.984665801026402,0.978663672094329,0.808550185873606,0.819596341220919,0.99084990322013,0.974309343656519,0.992257610417033,0.989266232623614,0.996480732007742,0.619919056836178,0.841456976948795,13025.913782675
"219",29,"Tlaxcala",41,"Papalotla de Xicohténcatl",0.969104255714551,0.967924528301887,0.675362183817021,0.763664890899803,0.960243350311262,0.964063384267119,0.984861346915676,0.972127900396152,0.995472552348613,0.456140350877193,0.744765138653084,5480.18689167247
"220",29,"Tlaxcala",42,"Xicohtzinco",0.981609649990113,0.987012987012987,0.729319579448522,0.820942156705656,0.980882352941177,0.973235294117647,0.994117647058824,0.978529411764706,0.995882352941176,0.57,0.794117647058823,8930.607472661
"221",29,"Tlaxcala",43,"Yauhquemehcan",0.975117490618966,0.979872574572835,0.77296189186221,0.850909506268026,0.989513545004369,0.973104184872318,0.992426449169822,0.985629672783765,0.995339353335275,0.631906010292261,0.840372851733178,9427.41154939376
"222",29,"Tlaxcala",44,"Zacatelco",0.974581703955382,0.976854514088557,0.71407440753722,0.808527032233209,0.985121378230227,0.968089271730619,0.990700861393892,0.977290524667189,0.995399373531715,0.534553641346907,0.764780736100235,7440.51871021336
"223",29,"Tlaxcala",48,"La Magdalena Tlaltelulco",0.973144876325088,0.982005821645938,0.65901768172888,0.871213463241807,0.969284121872678,0.935843448105029,0.988357691354967,0.966559326232351,0.99380728263562,0.405746841714144,0.666088679712658,7007.6989359468
"224",29,"Tlaxcala",53,"San Juan Huactzinco",0.97053949548886,0.977326035965598,0.704004428861414,0.748025738520035,0.973619631901841,0.932515337423313,0.977914110429448,0.962576687116564,0.984662576687117,0.595705521472393,0.686503067484663,9446.34030807809
"225",30,"Veracruz de Ignacio de la Llave",23,"Atzalan",0.822349651945681,0.914174252275683,0.328547369622927,0.806969578613896,0.908369723435226,0.777510917030568,0.913755458515284,0.914992721979621,0.962518195050946,0.340320232896652,0.63981077147016,3555.17596254065
"226",30,"Veracruz de Ignacio de la Llave",28,"Boca del Río",0.97246798297097,0.967955356115522,0.720952865259171,0.729757069851784,0.99278896641852,0.995822734591958,0.993489066766236,0.998389769200252,0.99915987958274,0.839140276773004,0.95078294555553,15147.3083295129
"227",30,"Veracruz de Ignacio de la Llave",39,"Coatzacoalcos",0.958850744623074,0.964845999677486,0.686648055212162,0.831379311517675,0.99130250990753,0.992771466314399,0.973379128137384,0.99602642007926,0.995339498018494,0.804639365918098,0.916639365918098,19749.5707291213
"228",30,"Veracruz de Ignacio de la Llave",44,"Córdoba",0.954882672968072,0.97344075480946,0.674127927568243,0.729777133719768,0.95752676850307,0.96734323619458,0.93249963552719,0.991139261011129,0.989875755268657,0.608637195665203,0.838190271005783,6565.55889520177
"229",30,"Veracruz de Ignacio de la Llave",87,"Xalapa",0.966843483370294,0.974829881103716,0.725161444500568,0.735680122441171,0.982368608082012,0.98195941046828,0.99053820254564,0.995369605949877,0.996353116003934,0.714372886709692,0.888088042097102,19769.5233744876
"230",30,"Veracruz de Ignacio de la Llave",108,"Minatitlán",0.950444042257671,0.975720658888126,0.633971170867403,0.837450903242284,0.939099850192145,0.970364098221846,0.751709763564124,0.977138018628281,0.980503267548145,0.739312620769014,0.879676067652359,20613.3943084112
"231",30,"Veracruz de Ignacio de la Llave",118,"Orizaba",0.975092985515427,0.983825432302082,0.729745820005449,0.802359182082419,0.992889031464699,0.987301841901248,0.997594033202342,0.98625925628893,0.996792044269789,0.730157457160425,0.886037372684257,13131.5379454797
"232",30,"Veracruz de Ignacio de la Llave",131,"Poza Rica de Hidalgo",0.966059769695944,0.976959196301824,0.705633582206443,0.752611879576892,0.948107126645483,0.97744893327281,0.89817521561507,0.98494779845665,0.993100317748525,0.808733545165683,0.928588288697231,11890.6195176192
"233",30,"Veracruz de Ignacio de la Llave",193,"Veracruz",0.973981123935538,0.965897203431202,0.711236566916538,0.748780492117179,0.979904108770844,0.994923086112061,0.984948443532229,0.993028066917526,0.997317651913752,0.827824746018559,0.947406430033611,11112.5625774308
"234",31,"Yucatán",41,"Kanasín",0.945864865679742,0.969695272238405,0.611582347259116,0.834065488264271,0.992102625776709,0.934175185407897,0.979514932852275,0.940108238123872,0.989897775105231,0.777831228703147,0.879294447785127,9469.7361407391
"235",31,"Yucatán",50,"Mérida",0.972346342124772,0.987290113817473,0.74358192299464,0.82923102466679,0.995775462738261,0.973468508171451,0.987699141502584,0.973810198685268,0.995367763829729,0.818667174025308,0.94641671487868,17561.8091055041
"236",31,"Yucatán",59,"Progreso",0.964934709158981,0.967088055797733,0.609243601200706,0.883153031118369,0.992563429571304,0.985189351331084,0.978315210598675,0.987626546681665,0.992000999875016,0.825896762904637,0.909011373578303,9164.66851012793
"237",31,"Yucatán",96,"Tizimín",0.875870260392873,0.949312955692653,0.450650848574724,0.89983281856564,0.943831296807253,0.836716594402838,0.955557745368546,0.831543161214032,0.965608986992511,0.57016160819866,0.647516752069373,6222.09018481286
"238",31,"Yucatán",101,"Umán",0.938533927686974,0.973831562107188,0.616331901581548,0.872975718582555,0.993349331504971,0.858347617415153,0.983064792595132,0.841206719232088,0.988138498457319,0.737744257799109,0.832841960918752,11905.4925605698
"239",32,"Zacatecas",5,"Calera",0.962929536034229,0.94587541132418,0.620018100760902,0.863676275055819,0.994592738820702,0.980345034760965,0.996051841043687,0.988155523131062,0.996738477383916,0.856922152604927,0.89254141275427,25228.1711323698
"240",32,"Zacatecas",7,"Concepción del Oro",0.952462526766595,0.978533094812165,0.61960025789813,0.906123139377537,0.989672977624785,0.928858290304073,0.93516924842226,0.977051061388411,0.993115318416523,0.849110728628801,0.911072862880092,7750.07029788682
"241",32,"Zacatecas",10,"Fresnillo",0.964054792488286,0.966123362096517,0.622446011104165,0.856811831583004,0.986897396022897,0.92323726962909,0.967954868808523,0.935446514244119,0.993796115541144,0.817655427985309,0.913608840948946,7819.52567931785
"242",32,"Zacatecas",17,"Guadalupe",0.979910122236789,0.973951715374841,0.77975223549773,0.889554378606382,0.994293274357253,0.981240867264326,0.98161604991904,0.986690888985427,0.99711701749536,0.865724102523597,0.926306228032068,14681.3555546857
"243",32,"Zacatecas",38,"Pinos",0.912457642411726,0.979762977337307,0.577189704020737,0.903814035407367,0.986483632523759,0.681784582893347,0.858289334741288,0.762513199577614,0.979197465681098,0.62428722280887,0.733579725448786,4956.68639080091
"244",32,"Zacatecas",42,"Sombrerete",0.960421620632888,0.965770171149144,0.574749535752768,0.836557693328849,0.981915209012748,0.875718944559739,0.974681292617848,0.893447969166914,0.993418321968574,0.752564482656389,0.915446190335013,7763.70095928626
"245",32,"Zacatecas",56,"Zacatecas",0.9875684421247,0.978253873385132,0.761817498785952,0.857025201778949,0.997513736605256,0.986623902936277,0.983167996817583,0.99047761119813,0.997638049774993,0.881952214017553,0.945103304244052,16894.7432709861
